<?xml version="1.0" encoding="UTF-8"?>
<GenRun Id="synth_1" LaunchPart="xc7a100tcsg324-1" LaunchTime="1739888730" LaunchIncrCheckpoint="$PSRCDIR/utils_1/imports/synth_1/RV.dcp">
  <File Type="RDS-DCP" Name="RV.dcp"/>
  <File Type="RDS-RDS" Name="RV.vds"/>
  <File Type="REPORTS-TCL" Name="RV_reports.tcl"/>
  <File Type="PA-TCL" Name="RV.tcl"/>
  <File Type="RDS-UTIL" Name="RV_utilization_synth.rpt"/>
  <File Type="RDS-UTIL-PB" Name="RV_utilization_synth.pb"/>
  <FileSet Name="sources" Type="DesignSrcs" RelSrcDir="$PSRCDIR/sources_1" RelGenDir="$PGENDIR/sources_1">
    <Filter Type="Srcs"/>
    <File Path="$PSRCDIR/sources_1/imports/src/3.Execution/EX.sv">
      <FileInfo>
        <Attr Name="ImportPath" Val="$PPRDIR/../rv32_core/src/3.Execution/EX.sv"/>
        <Attr Name="ImportTime" Val="1739983287"/>
        <Attr Name="UsedIn" Val="synthesis"/>
        <Attr Name="UsedIn" Val="implementation"/>
        <Attr Name="UsedIn" Val="simulation"/>
      </FileInfo>
    </File>
    <File Path="$PSRCDIR/sources_1/imports/src/2.Instruction Decode/ID.sv">
      <FileInfo>
        <Attr Name="ImportPath" Val="$PPRDIR/../rv32_core/src/2.Instruction Decode/ID.sv"/>
        <Attr Name="ImportTime" Val="1739983287"/>
        <Attr Name="UsedIn" Val="synthesis"/>
        <Attr Name="UsedIn" Val="implementation"/>
        <Attr Name="UsedIn" Val="simulation"/>
      </FileInfo>
    </File>
    <File Path="$PSRCDIR/sources_1/imports/src/1.Instruction Fetch/IF.sv">
      <FileInfo>
        <Attr Name="ImportPath" Val="$PPRDIR/../rv32_core/src/1.Instruction Fetch/IF.sv"/>
        <Attr Name="ImportTime" Val="1739983288"/>
        <Attr Name="UsedIn" Val="synthesis"/>
        <Attr Name="UsedIn" Val="implementation"/>
        <Attr Name="UsedIn" Val="simulation"/>
      </FileInfo>
    </File>
    <File Path="$PSRCDIR/sources_1/imports/src/4.Memory Access/MA.sv">
      <FileInfo>
        <Attr Name="ImportPath" Val="$PPRDIR/../rv32_core/src/4.Memory Access/MA.sv"/>
        <Attr Name="ImportTime" Val="1739983287"/>
        <Attr Name="UsedIn" Val="synthesis"/>
        <Attr Name="UsedIn" Val="implementation"/>
        <Attr Name="UsedIn" Val="simulation"/>
      </FileInfo>
    </File>
    <File Path="$PSRCDIR/sources_1/imports/src/5.Write Back/WB.sv">
      <FileInfo>
        <Attr Name="ImportPath" Val="$PPRDIR/../rv32_core/src/5.Write Back/WB.sv"/>
        <Attr Name="ImportTime" Val="1739983287"/>
        <Attr Name="UsedIn" Val="synthesis"/>
        <Attr Name="UsedIn" Val="implementation"/>
        <Attr Name="UsedIn" Val="simulation"/>
      </FileInfo>
    </File>
    <File Path="$PSRCDIR/sources_1/imports/src/3.Execution/ALU/final/src/alu.sv">
      <FileInfo>
        <Attr Name="ImportPath" Val="$PPRDIR/../rv32_core/src/3.Execution/ALU/final/src/alu.sv"/>
        <Attr Name="ImportTime" Val="1739983287"/>
        <Attr Name="UsedIn" Val="synthesis"/>
        <Attr Name="UsedIn" Val="implementation"/>
        <Attr Name="UsedIn" Val="simulation"/>
      </FileInfo>
    </File>
    <File Path="$PSRCDIR/sources_1/imports/src/utils/branch.sv">
      <FileInfo>
        <Attr Name="ImportPath" Val="$PPRDIR/../rv32_core/src/utils/branch.sv"/>
        <Attr Name="ImportTime" Val="1739983287"/>
        <Attr Name="UsedIn" Val="synthesis"/>
        <Attr Name="UsedIn" Val="implementation"/>
        <Attr Name="UsedIn" Val="simulation"/>
      </FileInfo>
    </File>
    <File Path="$PSRCDIR/sources_1/imports/src/utils/control_unit.sv">
      <FileInfo>
        <Attr Name="ImportPath" Val="$PPRDIR/../rv32_core/src/utils/control_unit.sv"/>
        <Attr Name="ImportTime" Val="1739983287"/>
        <Attr Name="UsedIn" Val="synthesis"/>
        <Attr Name="UsedIn" Val="implementation"/>
        <Attr Name="UsedIn" Val="simulation"/>
      </FileInfo>
    </File>
    <File Path="$PSRCDIR/sources_1/imports/src/2.Instruction Decode/decoder.sv">
      <FileInfo>
        <Attr Name="ImportPath" Val="$PPRDIR/../rv32_core/src/2.Instruction Decode/decoder.sv"/>
        <Attr Name="ImportTime" Val="1739983287"/>
        <Attr Name="UsedIn" Val="synthesis"/>
        <Attr Name="UsedIn" Val="implementation"/>
        <Attr Name="UsedIn" Val="simulation"/>
      </FileInfo>
    </File>
    <File Path="$PSRCDIR/sources_1/imports/src/1.Instruction Fetch/instruction_memory.sv">
      <FileInfo>
        <Attr Name="ImportPath" Val="$PPRDIR/../rv32_core/src/1.Instruction Fetch/instruction_memory.sv"/>
        <Attr Name="ImportTime" Val="1739983287"/>
        <Attr Name="UsedIn" Val="synthesis"/>
        <Attr Name="UsedIn" Val="implementation"/>
        <Attr Name="UsedIn" Val="simulation"/>
      </FileInfo>
    </File>
    <File Path="$PSRCDIR/sources_1/imports/src/3.Execution/ALU/final/src/logic.sv">
      <FileInfo>
        <Attr Name="ImportPath" Val="$PPRDIR/../rv32_core/src/3.Execution/ALU/final/src/logic.sv"/>
        <Attr Name="ImportTime" Val="1739983288"/>
        <Attr Name="UsedIn" Val="synthesis"/>
        <Attr Name="UsedIn" Val="implementation"/>
        <Attr Name="UsedIn" Val="simulation"/>
      </FileInfo>
    </File>
    <File Path="$PSRCDIR/sources_1/imports/src/utils/mux.sv">
      <FileInfo>
        <Attr Name="ImportPath" Val="$PPRDIR/../rv32_core/src/utils/mux.sv"/>
        <Attr Name="ImportTime" Val="1739983288"/>
        <Attr Name="UsedIn" Val="synthesis"/>
        <Attr Name="UsedIn" Val="implementation"/>
        <Attr Name="UsedIn" Val="simulation"/>
      </FileInfo>
    </File>
    <File Path="$PSRCDIR/sources_1/imports/src/1.Instruction Fetch/pc.sv">
      <FileInfo>
        <Attr Name="ImportPath" Val="$PPRDIR/../rv32_core/src/1.Instruction Fetch/pc.sv"/>
        <Attr Name="ImportTime" Val="1739983287"/>
        <Attr Name="UsedIn" Val="synthesis"/>
        <Attr Name="UsedIn" Val="implementation"/>
        <Attr Name="UsedIn" Val="simulation"/>
      </FileInfo>
    </File>
    <File Path="$PSRCDIR/sources_1/imports/src/2.Instruction Decode/register_file.sv">
      <FileInfo>
        <Attr Name="ImportPath" Val="$PPRDIR/../rv32_core/src/2.Instruction Decode/register_file.sv"/>
        <Attr Name="ImportTime" Val="1739983287"/>
        <Attr Name="UsedIn" Val="synthesis"/>
        <Attr Name="UsedIn" Val="implementation"/>
        <Attr Name="UsedIn" Val="simulation"/>
      </FileInfo>
    </File>
    <File Path="$PSRCDIR/sources_1/imports/src/2.Instruction Decode/sign_extender.sv">
      <FileInfo>
        <Attr Name="ImportPath" Val="$PPRDIR/../rv32_core/src/2.Instruction Decode/sign_extender.sv"/>
        <Attr Name="ImportTime" Val="1739983287"/>
        <Attr Name="UsedIn" Val="synthesis"/>
        <Attr Name="UsedIn" Val="implementation"/>
        <Attr Name="UsedIn" Val="simulation"/>
      </FileInfo>
    </File>
    <File Path="$PSRCDIR/sources_1/imports/src/rv_top.sv">
      <FileInfo>
        <Attr Name="ImportPath" Val="$PPRDIR/../rv32_core/src/rv_top.sv"/>
        <Attr Name="ImportTime" Val="1739983287"/>
        <Attr Name="UsedIn" Val="synthesis"/>
        <Attr Name="UsedIn" Val="implementation"/>
        <Attr Name="UsedIn" Val="simulation"/>
      </FileInfo>
    </File>
    <File Path="$PSRCDIR/sources_1/imports/src/3.Execution/ALU/playground/d_dividers.v">
      <FileInfo>
        <Attr Name="AutoDisabled" Val="1"/>
        <Attr Name="ImportPath" Val="$PPRDIR/../rv32_core/src/3.Execution/ALU/playground/d_dividers.v"/>
        <Attr Name="ImportTime" Val="1739983287"/>
        <Attr Name="UsedIn" Val="synthesis"/>
        <Attr Name="UsedIn" Val="implementation"/>
        <Attr Name="UsedIn" Val="simulation"/>
      </FileInfo>
    </File>
    <File Path="$PSRCDIR/sources_1/imports/xubundadu/Desktop/Capstone/Knowledge-Base/Implementation/AES_DES_reconfig/AES/Baseline-AES/sub_bytes.v">
      <FileInfo SFType="VHeader">
        <Attr Name="AutoDisabled" Val="1"/>
        <Attr Name="ImportPath" Val="$PPRDIR/../../Capstone/Knowledge-Base/Implementation/AES_DES_reconfig/AES/Baseline-AES/sub_bytes.v"/>
        <Attr Name="ImportTime" Val="1739715625"/>
        <Attr Name="UsedIn" Val="synthesis"/>
        <Attr Name="UsedIn" Val="simulation"/>
        <Attr Name="IsVisible" Val="1"/>
      </FileInfo>
    </File>
    <File Path="$PSRCDIR/sources_1/imports/xubundadu/Desktop/Capstone/Knowledge-Base/Implementation/AES_DES_reconfig/AES/Baseline-AES/shift_rows.v">
      <FileInfo SFType="VHeader">
        <Attr Name="AutoDisabled" Val="1"/>
        <Attr Name="ImportPath" Val="$PPRDIR/../../Capstone/Knowledge-Base/Implementation/AES_DES_reconfig/AES/Baseline-AES/shift_rows.v"/>
        <Attr Name="ImportTime" Val="1739715625"/>
        <Attr Name="UsedIn" Val="synthesis"/>
        <Attr Name="UsedIn" Val="simulation"/>
        <Attr Name="IsVisible" Val="1"/>
      </FileInfo>
    </File>
    <File Path="$PSRCDIR/sources_1/imports/xubundadu/Desktop/Capstone/Knowledge-Base/Implementation/AES_DES_reconfig/AES/Baseline-AES/round_iteration.v">
      <FileInfo SFType="VHeader">
        <Attr Name="AutoDisabled" Val="1"/>
        <Attr Name="ImportPath" Val="$PPRDIR/../../Capstone/Knowledge-Base/Implementation/AES_DES_reconfig/AES/Baseline-AES/round_iteration.v"/>
        <Attr Name="ImportTime" Val="1739715625"/>
        <Attr Name="UsedIn" Val="synthesis"/>
        <Attr Name="UsedIn" Val="simulation"/>
        <Attr Name="IsVisible" Val="1"/>
      </FileInfo>
    </File>
    <File Path="$PSRCDIR/sources_1/imports/xubundadu/Desktop/Capstone/Knowledge-Base/Implementation/AES_DES_reconfig/AES/Baseline-AES/forward_substitution_box.v">
      <FileInfo SFType="VHeader">
        <Attr Name="AutoDisabled" Val="1"/>
        <Attr Name="ImportPath" Val="$PPRDIR/../../Capstone/Knowledge-Base/Implementation/AES_DES_reconfig/AES/Baseline-AES/forward_substitution_box.v"/>
        <Attr Name="ImportTime" Val="1739715625"/>
        <Attr Name="UsedIn" Val="synthesis"/>
        <Attr Name="UsedIn" Val="simulation"/>
        <Attr Name="IsVisible" Val="1"/>
      </FileInfo>
    </File>
    <File Path="$PSRCDIR/sources_1/imports/xubundadu/Desktop/Capstone/Knowledge-Base/Implementation/AES_DES_reconfig/AES/Baseline-AES/aes_top.v">
      <FileInfo SFType="VHeader">
        <Attr Name="AutoDisabled" Val="1"/>
        <Attr Name="ImportPath" Val="$PPRDIR/../../Capstone/Knowledge-Base/Implementation/AES_DES_reconfig/AES/Baseline-AES/aes_top.v"/>
        <Attr Name="ImportTime" Val="1739725990"/>
        <Attr Name="UsedIn" Val="synthesis"/>
        <Attr Name="UsedIn" Val="simulation"/>
        <Attr Name="IsVisible" Val="1"/>
      </FileInfo>
    </File>
    <File Path="$PSRCDIR/sources_1/imports/xubundadu/Desktop/Capstone/Knowledge-Base/Implementation/AES_DES_reconfig/AES/Baseline-AES/generate_key.v">
      <FileInfo SFType="VHeader">
        <Attr Name="AutoDisabled" Val="1"/>
        <Attr Name="ImportPath" Val="$PPRDIR/../../Capstone/Knowledge-Base/Implementation/AES_DES_reconfig/AES/Baseline-AES/generate_key.v"/>
        <Attr Name="ImportTime" Val="1739715625"/>
        <Attr Name="UsedIn" Val="synthesis"/>
        <Attr Name="UsedIn" Val="simulation"/>
        <Attr Name="IsVisible" Val="1"/>
      </FileInfo>
    </File>
    <File Path="$PSRCDIR/sources_1/imports/xubundadu/Desktop/Capstone/Knowledge-Base/Implementation/AES_DES_reconfig/AES/Baseline-AES/last_round.v">
      <FileInfo SFType="VHeader">
        <Attr Name="AutoDisabled" Val="1"/>
        <Attr Name="ImportPath" Val="$PPRDIR/../../Capstone/Knowledge-Base/Implementation/AES_DES_reconfig/AES/Baseline-AES/last_round.v"/>
        <Attr Name="ImportTime" Val="1739715625"/>
        <Attr Name="UsedIn" Val="synthesis"/>
        <Attr Name="UsedIn" Val="simulation"/>
        <Attr Name="IsVisible" Val="1"/>
      </FileInfo>
    </File>
    <File Path="$PSRCDIR/sources_1/imports/xubundadu/Desktop/Capstone/Knowledge-Base/Implementation/AES_DES_reconfig/AES/Baseline-AES/mix_columns.v">
      <FileInfo SFType="VHeader">
        <Attr Name="AutoDisabled" Val="1"/>
        <Attr Name="ImportPath" Val="$PPRDIR/../../Capstone/Knowledge-Base/Implementation/AES_DES_reconfig/AES/Baseline-AES/mix_columns.v"/>
        <Attr Name="ImportTime" Val="1739715625"/>
        <Attr Name="UsedIn" Val="synthesis"/>
        <Attr Name="UsedIn" Val="simulation"/>
        <Attr Name="IsVisible" Val="1"/>
      </FileInfo>
    </File>
    <File Path="$PSRCDIR/sources_1/imports/xubundadu/Downloads/des-verilog/IP_inv.v">
      <FileInfo SFType="VHeader">
        <Attr Name="AutoDisabled" Val="1"/>
        <Attr Name="ImportPath" Val="$PPRDIR/../../../Downloads/des-verilog/IP_inv.v"/>
        <Attr Name="ImportTime" Val="1739713638"/>
        <Attr Name="UsedIn" Val="synthesis"/>
        <Attr Name="UsedIn" Val="simulation"/>
        <Attr Name="IsVisible" Val="1"/>
      </FileInfo>
    </File>
    <File Path="$PSRCDIR/sources_1/imports/xubundadu/Downloads/des-verilog/S2.v">
      <FileInfo SFType="VHeader">
        <Attr Name="AutoDisabled" Val="1"/>
        <Attr Name="ImportPath" Val="$PPRDIR/../../../Downloads/des-verilog/S2.v"/>
        <Attr Name="ImportTime" Val="1739713638"/>
        <Attr Name="UsedIn" Val="synthesis"/>
        <Attr Name="UsedIn" Val="simulation"/>
        <Attr Name="IsVisible" Val="1"/>
      </FileInfo>
    </File>
    <File Path="$PSRCDIR/sources_1/imports/xubundadu/Downloads/des-verilog/S1.v">
      <FileInfo SFType="VHeader">
        <Attr Name="AutoDisabled" Val="1"/>
        <Attr Name="ImportPath" Val="$PPRDIR/../../../Downloads/des-verilog/S1.v"/>
        <Attr Name="ImportTime" Val="1739713638"/>
        <Attr Name="UsedIn" Val="synthesis"/>
        <Attr Name="UsedIn" Val="simulation"/>
        <Attr Name="IsVisible" Val="1"/>
      </FileInfo>
    </File>
    <File Path="$PSRCDIR/sources_1/imports/xubundadu/Downloads/des-verilog/IP.v">
      <FileInfo SFType="VHeader">
        <Attr Name="AutoDisabled" Val="1"/>
        <Attr Name="ImportPath" Val="$PPRDIR/../../../Downloads/des-verilog/IP.v"/>
        <Attr Name="ImportTime" Val="1739713638"/>
        <Attr Name="UsedIn" Val="synthesis"/>
        <Attr Name="UsedIn" Val="simulation"/>
        <Attr Name="IsVisible" Val="1"/>
      </FileInfo>
    </File>
    <File Path="$PSRCDIR/sources_1/imports/xubundadu/Downloads/des-verilog/E.v">
      <FileInfo SFType="VHeader">
        <Attr Name="AutoDisabled" Val="1"/>
        <Attr Name="ImportPath" Val="$PPRDIR/../../../Downloads/des-verilog/E.v"/>
        <Attr Name="ImportTime" Val="1739713638"/>
        <Attr Name="UsedIn" Val="synthesis"/>
        <Attr Name="UsedIn" Val="simulation"/>
        <Attr Name="IsVisible" Val="1"/>
      </FileInfo>
    </File>
    <File Path="$PSRCDIR/sources_1/imports/xubundadu/Downloads/des-verilog/PC1.v">
      <FileInfo SFType="VHeader">
        <Attr Name="AutoDisabled" Val="1"/>
        <Attr Name="ImportPath" Val="$PPRDIR/../../../Downloads/des-verilog/PC1.v"/>
        <Attr Name="ImportTime" Val="1739713638"/>
        <Attr Name="UsedIn" Val="synthesis"/>
        <Attr Name="UsedIn" Val="simulation"/>
        <Attr Name="IsVisible" Val="1"/>
      </FileInfo>
    </File>
    <File Path="$PSRCDIR/sources_1/imports/xubundadu/Downloads/des-verilog/S7.v">
      <FileInfo SFType="VHeader">
        <Attr Name="AutoDisabled" Val="1"/>
        <Attr Name="ImportPath" Val="$PPRDIR/../../../Downloads/des-verilog/S7.v"/>
        <Attr Name="ImportTime" Val="1739713638"/>
        <Attr Name="UsedIn" Val="synthesis"/>
        <Attr Name="UsedIn" Val="simulation"/>
        <Attr Name="IsVisible" Val="1"/>
      </FileInfo>
    </File>
    <File Path="$PSRCDIR/sources_1/imports/xubundadu/Downloads/des-verilog/S3.v">
      <FileInfo SFType="VHeader">
        <Attr Name="AutoDisabled" Val="1"/>
        <Attr Name="ImportPath" Val="$PPRDIR/../../../Downloads/des-verilog/S3.v"/>
        <Attr Name="ImportTime" Val="1739713638"/>
        <Attr Name="UsedIn" Val="synthesis"/>
        <Attr Name="UsedIn" Val="simulation"/>
        <Attr Name="IsVisible" Val="1"/>
      </FileInfo>
    </File>
    <File Path="$PSRCDIR/sources_1/imports/xubundadu/Downloads/des-verilog/S4.v">
      <FileInfo SFType="VHeader">
        <Attr Name="AutoDisabled" Val="1"/>
        <Attr Name="ImportPath" Val="$PPRDIR/../../../Downloads/des-verilog/S4.v"/>
        <Attr Name="ImportTime" Val="1739713638"/>
        <Attr Name="UsedIn" Val="synthesis"/>
        <Attr Name="UsedIn" Val="simulation"/>
        <Attr Name="IsVisible" Val="1"/>
      </FileInfo>
    </File>
    <File Path="$PSRCDIR/sources_1/imports/xubundadu/Downloads/des-verilog/S5.v">
      <FileInfo SFType="VHeader">
        <Attr Name="AutoDisabled" Val="1"/>
        <Attr Name="ImportPath" Val="$PPRDIR/../../../Downloads/des-verilog/S5.v"/>
        <Attr Name="ImportTime" Val="1739713638"/>
        <Attr Name="UsedIn" Val="synthesis"/>
        <Attr Name="UsedIn" Val="simulation"/>
        <Attr Name="IsVisible" Val="1"/>
      </FileInfo>
    </File>
    <File Path="$PSRCDIR/sources_1/imports/xubundadu/Downloads/des-verilog/P.v">
      <FileInfo SFType="VHeader">
        <Attr Name="AutoDisabled" Val="1"/>
        <Attr Name="ImportPath" Val="$PPRDIR/../../../Downloads/des-verilog/P.v"/>
        <Attr Name="ImportTime" Val="1739713638"/>
        <Attr Name="UsedIn" Val="synthesis"/>
        <Attr Name="UsedIn" Val="simulation"/>
        <Attr Name="IsVisible" Val="1"/>
      </FileInfo>
    </File>
    <File Path="$PSRCDIR/sources_1/imports/xubundadu/Downloads/des-verilog/S6.v">
      <FileInfo SFType="VHeader">
        <Attr Name="AutoDisabled" Val="1"/>
        <Attr Name="ImportPath" Val="$PPRDIR/../../../Downloads/des-verilog/S6.v"/>
        <Attr Name="ImportTime" Val="1739713638"/>
        <Attr Name="UsedIn" Val="synthesis"/>
        <Attr Name="UsedIn" Val="simulation"/>
        <Attr Name="IsVisible" Val="1"/>
      </FileInfo>
    </File>
    <File Path="$PSRCDIR/sources_1/imports/xubundadu/Downloads/des-verilog/PC2.v">
      <FileInfo SFType="VHeader">
        <Attr Name="AutoDisabled" Val="1"/>
        <Attr Name="ImportPath" Val="$PPRDIR/../../../Downloads/des-verilog/PC2.v"/>
        <Attr Name="ImportTime" Val="1739713638"/>
        <Attr Name="UsedIn" Val="synthesis"/>
        <Attr Name="UsedIn" Val="simulation"/>
        <Attr Name="IsVisible" Val="1"/>
      </FileInfo>
    </File>
    <File Path="$PSRCDIR/sources_1/imports/xubundadu/Downloads/des-verilog/S8.v">
      <FileInfo SFType="VHeader">
        <Attr Name="AutoDisabled" Val="1"/>
        <Attr Name="ImportPath" Val="$PPRDIR/../../../Downloads/des-verilog/S8.v"/>
        <Attr Name="ImportTime" Val="1739713638"/>
        <Attr Name="UsedIn" Val="synthesis"/>
        <Attr Name="UsedIn" Val="simulation"/>
        <Attr Name="IsVisible" Val="1"/>
      </FileInfo>
    </File>
    <File Path="$PSRCDIR/sources_1/imports/src/4.Memory Access/memory.sv">
      <FileInfo>
        <Attr Name="AutoDisabled" Val="1"/>
        <Attr Name="ImportPath" Val="$PPRDIR/../rv32_core/src/4.Memory Access/memory.sv"/>
        <Attr Name="ImportTime" Val="1739983287"/>
        <Attr Name="UsedIn" Val="synthesis"/>
        <Attr Name="UsedIn" Val="implementation"/>
        <Attr Name="UsedIn" Val="simulation"/>
      </FileInfo>
    </File>
    <File Path="$PSRCDIR/sources_1/imports/src/3.Execution/ALU/final/src/shifters.sv">
      <FileInfo>
        <Attr Name="AutoDisabled" Val="1"/>
        <Attr Name="ImportPath" Val="$PPRDIR/../rv32_core/src/3.Execution/ALU/final/src/shifters.sv"/>
        <Attr Name="ImportTime" Val="1739983287"/>
        <Attr Name="UsedIn" Val="synthesis"/>
        <Attr Name="UsedIn" Val="implementation"/>
        <Attr Name="UsedIn" Val="simulation"/>
      </FileInfo>
    </File>
    <File Path="$PSRCDIR/sources_1/imports/src/utils/adder.sv">
      <FileInfo>
        <Attr Name="AutoDisabled" Val="1"/>
        <Attr Name="ImportPath" Val="$PPRDIR/../rv32_core/src/utils/adder.sv"/>
        <Attr Name="ImportTime" Val="1739983287"/>
        <Attr Name="UsedIn" Val="synthesis"/>
        <Attr Name="UsedIn" Val="implementation"/>
        <Attr Name="UsedIn" Val="simulation"/>
      </FileInfo>
    </File>
    <File Path="$PSRCDIR/sources_1/imports/src/3.Execution/ALU/final/tb/shifters_tb.sv">
      <FileInfo>
        <Attr Name="AutoDisabled" Val="1"/>
        <Attr Name="ImportPath" Val="$PPRDIR/../rv32_core/src/3.Execution/ALU/final/tb/shifters_tb.sv"/>
        <Attr Name="ImportTime" Val="1739983287"/>
        <Attr Name="UsedIn" Val="synthesis"/>
        <Attr Name="UsedIn" Val="implementation"/>
        <Attr Name="UsedIn" Val="simulation"/>
      </FileInfo>
    </File>
    <File Path="$PSRCDIR/sources_1/imports/src/3.Execution/ALU/final/tb/shift1_tb.sv">
      <FileInfo>
        <Attr Name="AutoDisabled" Val="1"/>
        <Attr Name="ImportPath" Val="$PPRDIR/../rv32_core/src/3.Execution/ALU/final/tb/shift1_tb.sv"/>
        <Attr Name="ImportTime" Val="1739983287"/>
        <Attr Name="UsedIn" Val="synthesis"/>
        <Attr Name="UsedIn" Val="implementation"/>
        <Attr Name="UsedIn" Val="simulation"/>
      </FileInfo>
    </File>
    <File Path="$PSRCDIR/sources_1/imports/src/3.Execution/ALU/final/src/rca_add.sv">
      <FileInfo>
        <Attr Name="AutoDisabled" Val="1"/>
        <Attr Name="ImportPath" Val="$PPRDIR/../rv32_core/src/3.Execution/ALU/final/src/rca_add.sv"/>
        <Attr Name="ImportTime" Val="1739983287"/>
        <Attr Name="UsedIn" Val="synthesis"/>
        <Attr Name="UsedIn" Val="implementation"/>
        <Attr Name="UsedIn" Val="simulation"/>
      </FileInfo>
    </File>
    <File Path="$PSRCDIR/sources_1/imports/src/3.Execution/ALU/final/src/array_mul.sv">
      <FileInfo>
        <Attr Name="AutoDisabled" Val="1"/>
        <Attr Name="ImportPath" Val="$PPRDIR/../rv32_core/src/3.Execution/ALU/final/src/array_mul.sv"/>
        <Attr Name="ImportTime" Val="1739983287"/>
        <Attr Name="UsedIn" Val="synthesis"/>
        <Attr Name="UsedIn" Val="implementation"/>
        <Attr Name="UsedIn" Val="simulation"/>
      </FileInfo>
    </File>
    <File Path="$PSRCDIR/sources_1/imports/src/3.Execution/ALU/final/src/cla_add.sv">
      <FileInfo>
        <Attr Name="AutoDisabled" Val="1"/>
        <Attr Name="ImportPath" Val="$PPRDIR/../rv32_core/src/3.Execution/ALU/final/src/cla_add.sv"/>
        <Attr Name="ImportTime" Val="1739983287"/>
        <Attr Name="UsedIn" Val="synthesis"/>
        <Attr Name="UsedIn" Val="implementation"/>
        <Attr Name="UsedIn" Val="simulation"/>
      </FileInfo>
    </File>
    <File Path="$PSRCDIR/sources_1/imports/src/3.Execution/ALU/final/tb/alu_tb.sv">
      <FileInfo>
        <Attr Name="AutoDisabled" Val="1"/>
        <Attr Name="ImportPath" Val="$PPRDIR/../rv32_core/src/3.Execution/ALU/final/tb/alu_tb.sv"/>
        <Attr Name="ImportTime" Val="1739983287"/>
        <Attr Name="UsedIn" Val="synthesis"/>
        <Attr Name="UsedIn" Val="implementation"/>
        <Attr Name="UsedIn" Val="simulation"/>
      </FileInfo>
    </File>
    <File Path="$PSRCDIR/sources_1/imports/src/3.Execution/ALU/final/tb/add_tb.sv">
      <FileInfo>
        <Attr Name="AutoDisabled" Val="1"/>
        <Attr Name="ImportPath" Val="$PPRDIR/../rv32_core/src/3.Execution/ALU/final/tb/add_tb.sv"/>
        <Attr Name="ImportTime" Val="1739983287"/>
        <Attr Name="UsedIn" Val="synthesis"/>
        <Attr Name="UsedIn" Val="implementation"/>
        <Attr Name="UsedIn" Val="simulation"/>
      </FileInfo>
    </File>
    <File Path="$PSRCDIR/sources_1/imports/src/utils/sign_extender.sv">
      <FileInfo>
        <Attr Name="AutoDisabled" Val="1"/>
        <Attr Name="ImportPath" Val="$PPRDIR/../rv32_core/src/utils/sign_extender.sv"/>
        <Attr Name="ImportTime" Val="1739983287"/>
        <Attr Name="UsedIn" Val="synthesis"/>
        <Attr Name="UsedIn" Val="implementation"/>
        <Attr Name="UsedIn" Val="simulation"/>
      </FileInfo>
    </File>
    <File Path="$PSRCDIR/sources_1/imports/src/3.Execution/ALU/final/tb/logic_tb.sv">
      <FileInfo>
        <Attr Name="AutoDisabled" Val="1"/>
        <Attr Name="ImportPath" Val="$PPRDIR/../rv32_core/src/3.Execution/ALU/final/tb/logic_tb.sv"/>
        <Attr Name="ImportTime" Val="1739983287"/>
        <Attr Name="UsedIn" Val="synthesis"/>
        <Attr Name="UsedIn" Val="implementation"/>
        <Attr Name="UsedIn" Val="simulation"/>
      </FileInfo>
    </File>
    <File Path="$PSRCDIR/sources_1/imports/src/3.Execution/ALU/final/src/multiplier.sv">
      <FileInfo>
        <Attr Name="AutoDisabled" Val="1"/>
        <Attr Name="ImportPath" Val="$PPRDIR/../rv32_core/src/3.Execution/ALU/final/src/multiplier.sv"/>
        <Attr Name="ImportTime" Val="1739983287"/>
        <Attr Name="UsedIn" Val="synthesis"/>
        <Attr Name="UsedIn" Val="implementation"/>
        <Attr Name="UsedIn" Val="simulation"/>
      </FileInfo>
    </File>
    <File Path="$PSRCDIR/sources_1/imports/src/3.Execution/ALU/final/tb/mul_tb.sv">
      <FileInfo>
        <Attr Name="AutoDisabled" Val="1"/>
        <Attr Name="ImportPath" Val="$PPRDIR/../rv32_core/src/3.Execution/ALU/final/tb/mul_tb.sv"/>
        <Attr Name="ImportTime" Val="1739983287"/>
        <Attr Name="UsedIn" Val="synthesis"/>
        <Attr Name="UsedIn" Val="implementation"/>
        <Attr Name="UsedIn" Val="simulation"/>
      </FileInfo>
    </File>
    <File Path="$PSRCDIR/sources_1/bd/design_1/design_1.bd">
      <FileInfo>
        <Attr Name="AutoDisabled" Val="1"/>
        <Attr Name="UsedIn" Val="synthesis"/>
        <Attr Name="UsedIn" Val="implementation"/>
        <Attr Name="UsedIn" Val="simulation"/>
      </FileInfo>
    </File>
    <Config>
      <Option Name="DesignMode" Val="RTL"/>
      <Option Name="TopModule" Val="RV"/>
    </Config>
  </FileSet>
  <FileSet Name="constrs_in" Type="Constrs" RelSrcDir="$PSRCDIR/constrs_1" RelGenDir="$PGENDIR/constrs_1">
    <Filter Type="Constrs"/>
    <File Path="$PSRCDIR/constrs_1/imports/dfx_tutorial/Arty-A7-100-Master.xdc">
      <FileInfo>
        <Attr Name="ImportPath" Val="$PPRDIR/../../../Downloads/dfx_tutorial/Arty-A7-100-Master.xdc"/>
        <Attr Name="ImportTime" Val="1736870620"/>
        <Attr Name="UsedIn" Val="synthesis"/>
        <Attr Name="UsedIn" Val="implementation"/>
      </FileInfo>
    </File>
    <Config>
      <Option Name="TargetConstrsFile" Val="$PSRCDIR/constrs_1/imports/dfx_tutorial/Arty-A7-100-Master.xdc"/>
      <Option Name="ConstrsType" Val="XDC"/>
    </Config>
  </FileSet>
  <FileSet Name="utils" Type="Utils" RelSrcDir="$PSRCDIR/utils_1" RelGenDir="$PGENDIR/utils_1">
    <Filter Type="Utils"/>
    <File Path="$PSRCDIR/utils_1/imports/synth_1/RV.dcp">
      <FileInfo>
        <Attr Name="UsedIn" Val="synthesis"/>
        <Attr Name="UsedIn" Val="implementation"/>
        <Attr Name="UsedInSteps" Val="synth_1"/>
        <Attr Name="UsedInSteps" Val="synth_1_copy_1"/>
        <Attr Name="AutoDcp" Val="1"/>
      </FileInfo>
    </File>
    <Config>
      <Option Name="TopAutoSet" Val="TRUE"/>
    </Config>
  </FileSet>
  <Strategy Version="1" Minor="2">
    <StratHandle Name="Vivado Synthesis Defaults" Flow="Vivado Synthesis 2024"/>
    <Step Id="synth_design">
      <Option Id="FlattenHierarchy">0</Option>
    </Step>
  </Strategy>
</GenRun>
