<?xml version="1.0"?>
<Runs Version="1" Minor="0">
	<Run Id="system_axi_gpio_0_0_synth_1" LaunchDir="/home/xubundadu/Desktop/Projects/RV/RV.runs/system_axi_gpio_0_0_synth_1" FlowId="Vivado_Synthesis" FromStepId="vivado" ToStepId="vivado"/>
	<Run Id="system_ilmb_bram_if_cntlr_0_synth_1" LaunchDir="/home/xubundadu/Desktop/Projects/RV/RV.runs/system_ilmb_bram_if_cntlr_0_synth_1" FlowId="Vivado_Synthesis" FromStepId="vivado" ToStepId="vivado"/>
	<Run Id="system_axi_uartlite_0_0_synth_1" LaunchDir="/home/xubundadu/Desktop/Projects/RV/RV.runs/system_axi_uartlite_0_0_synth_1" FlowId="Vivado_Synthesis" FromStepId="vivado" ToStepId="vivado"/>
	<Run Id="system_clk_wiz_0_0_synth_1" LaunchDir="/home/xubundadu/Desktop/Projects/RV/RV.runs/system_clk_wiz_0_0_synth_1" FlowId="Vivado_Synthesis" FromStepId="vivado" ToStepId="vivado"/>
	<Run Id="system_axi_interconnect_0_imp_xbar_0_synth_1" LaunchDir="/home/xubundadu/Desktop/Projects/RV/RV.runs/system_axi_interconnect_0_imp_xbar_0_synth_1" FlowId="Vivado_Synthesis" FromStepId="vivado" ToStepId="vivado"/>
	<Run Id="system_mdm_1_0_synth_1" LaunchDir="/home/xubundadu/Desktop/Projects/RV/RV.runs/system_mdm_1_0_synth_1" FlowId="Vivado_Synthesis" FromStepId="vivado" ToStepId="vivado"/>
	<Run Id="system_rst_clk_wiz_0_200M_0_synth_1" LaunchDir="/home/xubundadu/Desktop/Projects/RV/RV.runs/system_rst_clk_wiz_0_200M_0_synth_1" FlowId="Vivado_Synthesis" FromStepId="vivado" ToStepId="vivado"/>
	<Run Id="system_dlmb_bram_if_cntlr_0_synth_1" LaunchDir="/home/xubundadu/Desktop/Projects/RV/RV.runs/system_dlmb_bram_if_cntlr_0_synth_1" FlowId="Vivado_Synthesis" FromStepId="vivado" ToStepId="vivado"/>
	<Run Id="system_dlmb_v10_0_synth_1" LaunchDir="/home/xubundadu/Desktop/Projects/RV/RV.runs/system_dlmb_v10_0_synth_1" FlowId="Vivado_Synthesis" FromStepId="vivado" ToStepId="vivado"/>
	<Run Id="system_ilmb_v10_0_synth_1" LaunchDir="/home/xubundadu/Desktop/Projects/RV/RV.runs/system_ilmb_v10_0_synth_1" FlowId="Vivado_Synthesis" FromStepId="vivado" ToStepId="vivado" IsOrderedIPRun="true">
		<Parent Id="system_dlmb_v10_0_synth_1"/>
	</Run>
	<Run Id="system_lmb_bram_0_synth_1" LaunchDir="/home/xubundadu/Desktop/Projects/RV/RV.runs/system_lmb_bram_0_synth_1" FlowId="Vivado_Synthesis" FromStepId="vivado" ToStepId="vivado"/>
	<Run Id="system_mig_7series_0_0_synth_1" LaunchDir="/home/xubundadu/Desktop/Projects/RV/RV.runs/system_mig_7series_0_0_synth_1" FlowId="Vivado_Synthesis" FromStepId="vivado" ToStepId="vivado"/>
	<Run Id="system_ram_interconnect_imp_auto_us_1_synth_1" LaunchDir="/home/xubundadu/Desktop/Projects/RV/RV.runs/system_ram_interconnect_imp_auto_us_1_synth_1" FlowId="Vivado_Synthesis" FromStepId="vivado" ToStepId="vivado"/>
	<Run Id="system_ram_interconnect_imp_auto_us_0_synth_1" LaunchDir="/home/xubundadu/Desktop/Projects/RV/RV.runs/system_ram_interconnect_imp_auto_us_0_synth_1" FlowId="Vivado_Synthesis" FromStepId="vivado" ToStepId="vivado"/>
	<Run Id="system_util_ds_buf_0_0_synth_1" LaunchDir="/home/xubundadu/Desktop/Projects/RV/RV.runs/system_util_ds_buf_0_0_synth_1" FlowId="Vivado_Synthesis" FromStepId="vivado" ToStepId="vivado"/>
	<Run Id="system_microblaze_0_0_synth_1" LaunchDir="/home/xubundadu/Desktop/Projects/RV/RV.runs/system_microblaze_0_0_synth_1" FlowId="Vivado_Synthesis" FromStepId="vivado" ToStepId="vivado"/>
	<Run Id="system_ram_interconnect_imp_auto_cc_0_synth_1" LaunchDir="/home/xubundadu/Desktop/Projects/RV/RV.runs/system_ram_interconnect_imp_auto_cc_0_synth_1" FlowId="Vivado_Synthesis" FromStepId="vivado" ToStepId="vivado"/>
	<Run Id="system_perif_interconnect1_imp_xbar_0_synth_1" LaunchDir="/home/xubundadu/Desktop/Projects/RV/RV.runs/system_perif_interconnect1_imp_xbar_0_synth_1" FlowId="Vivado_Synthesis" FromStepId="vivado" ToStepId="vivado"/>
	<Run Id="system_rst_mig_7series_0_81M_0_synth_1" LaunchDir="/home/xubundadu/Desktop/Projects/RV/RV.runs/system_rst_mig_7series_0_81M_0_synth_1" FlowId="Vivado_Synthesis" FromStepId="vivado" ToStepId="vivado"/>
	<Run Id="synth_1" LaunchDir="/home/xubundadu/Desktop/Projects/RV/RV.runs/synth_1" FlowId="Vivado_Synthesis" FromStepId="vivado" ToStepId="vivado">
		<Parent Id="system_axi_gpio_0_0_synth_1"/>
		<Parent Id="system_ilmb_bram_if_cntlr_0_synth_1"/>
		<Parent Id="system_axi_uartlite_0_0_synth_1"/>
		<Parent Id="system_clk_wiz_0_0_synth_1"/>
		<Parent Id="system_axi_interconnect_0_imp_xbar_0_synth_1"/>
		<Parent Id="system_mdm_1_0_synth_1"/>
		<Parent Id="system_rst_clk_wiz_0_200M_0_synth_1"/>
		<Parent Id="system_dlmb_bram_if_cntlr_0_synth_1"/>
		<Parent Id="system_dlmb_v10_0_synth_1"/>
		<Parent Id="system_ilmb_v10_0_synth_1"/>
		<Parent Id="system_lmb_bram_0_synth_1"/>
		<Parent Id="system_mig_7series_0_0_synth_1"/>
		<Parent Id="system_ram_interconnect_imp_auto_us_1_synth_1"/>
		<Parent Id="system_ram_interconnect_imp_auto_us_0_synth_1"/>
		<Parent Id="system_util_ds_buf_0_0_synth_1"/>
		<Parent Id="system_microblaze_0_0_synth_1"/>
		<Parent Id="system_ram_interconnect_imp_auto_cc_0_synth_1"/>
		<Parent Id="system_perif_interconnect1_imp_xbar_0_synth_1"/>
		<Parent Id="system_rst_mig_7series_0_81M_0_synth_1"/>
	</Run>
	<Run Id="impl_1" LaunchDir="/home/xubundadu/Desktop/Projects/RV/RV.runs/impl_1" FlowId="Vivado_Implementation" FromStepId="init_design" ToStepId="write_bitstream">
		<Parent Id="synth_1"/>
		<Parent Id="system_axi_gpio_0_0_synth_1"/>
		<Parent Id="system_ilmb_bram_if_cntlr_0_synth_1"/>
		<Parent Id="system_axi_uartlite_0_0_synth_1"/>
		<Parent Id="system_clk_wiz_0_0_synth_1"/>
		<Parent Id="system_axi_interconnect_0_imp_xbar_0_synth_1"/>
		<Parent Id="system_mdm_1_0_synth_1"/>
		<Parent Id="system_rst_clk_wiz_0_200M_0_synth_1"/>
		<Parent Id="system_dlmb_bram_if_cntlr_0_synth_1"/>
		<Parent Id="system_dlmb_v10_0_synth_1"/>
		<Parent Id="system_ilmb_v10_0_synth_1"/>
		<Parent Id="system_lmb_bram_0_synth_1"/>
		<Parent Id="system_mig_7series_0_0_synth_1"/>
		<Parent Id="system_ram_interconnect_imp_auto_us_1_synth_1"/>
		<Parent Id="system_ram_interconnect_imp_auto_us_0_synth_1"/>
		<Parent Id="system_util_ds_buf_0_0_synth_1"/>
		<Parent Id="system_microblaze_0_0_synth_1"/>
		<Parent Id="system_ram_interconnect_imp_auto_cc_0_synth_1"/>
		<Parent Id="system_perif_interconnect1_imp_xbar_0_synth_1"/>
		<Parent Id="system_rst_mig_7series_0_81M_0_synth_1"/>
	</Run>
	<Parameters>
		<Parameter Name="runs.monitorLSFJobs" Val="true" Type="bool"/>
		<Parameter Name="runs.enableClusterConf" Val="true" Type="bool"/>
		<Parameter Name="general.ignorePathLengthChecks" Val="true" Type="bool"/>
		<Parameter Name="general.shortenLongPath" Val="true" Type="bool"/>
	</Parameters>
	<ProductInfo Name="vivado"/>
</Runs>

